Firstname,Lastname,Email,Salary,Department
Cairo,Ford,fcairo6191@gmail.com,4564.62,Media Relations
Zorita,Nelson,z_nelson@gmail.com,5234.62,Tech Support
Jonah,Richardson,r-jonah2351@gmail.com,15064.50,Human Resources
Shea,Robinson,s_robinson@gmail.com,6285.93,Payroll
Olivia,Montgomery,omontgomery@gmail.com,11035.83,Advertising
Brynn,Murray,murray_brynn@gmail.com,10282.49,Sales and Marketing
Quinlan,Powell,q-powell8332@gmail.com,10799.37,Finances
Shaine,Fernandez,f.shaine@gmail.com,8104.58,Media Relations
Maryam,Kennedy,m-kennedy1702@gmail.com,8432.46,Customer Relations
Faith,Park,park_faith7536@gmail.com,5396.06,Asset Management
Randall,Flores,frandall8468@gmail.com,7012.59,Sales and Marketing
Naomi,Harper,harper-naomi@gmail.com,8860.91,Sales and Marketing
Hedwig,Brown,brown_hedwig@gmail.com,7630.36,Customer Relations
Dale,Hill,hdale@gmail.com,11647.82,Customer Relations
Hayes,Banks,banks.hayes9775@gmail.com,6541.56,Customer Service
Lysandra,Pena,lysandra.pena1462@gmail.com,8744.11,Advertising
Oscar,Name,nameoscar8195@gmail.com,6049.27,Finances
Buckminster,Rios,b-rios2901@gmail.com,6689.68,Payroll
Jonas,Lawrence,jonaslawrence6010@gmail.com,5735.04,Tech Support
Ora,James,j-ora@gmail.com,9745.54,Finances
Harlan,Garcia,garcia_harlan3044@gmail.com,10756.75,Media Relations
Charles,Morales,c_morales@gmail.com,7676.95,Customer Service
Uriel,Foster,foster.uriel4952@gmail.com,10849.71,Finances
Amal,Vargas,vargas_amal3037@gmail.com,8554.20,Media Relations
Camilla,Ford,ford-camilla@gmail.com,9521.29,Asset Management
Victor,Nichols,nichols-victor2745@gmail.com,3618.43,Human Resources
Shelly,Bradley,sbradley339@gmail.com,10890.81,Asset Management
Penelope,Fernandez,penelope.fernandez2412@gmail.com,5653.98,Asset Management
Nayda,Simpson,nsimpson3036@gmail.com,6956.25,Payroll
Bruno,Powell,bruno.powell@gmail.com,5582.75,Asset Management
Olga,Bradley,bradley_olga@gmail.com,4542.84,Legal Department
Rahim,Cooper,r-cooper@gmail.com,5849.85,Asset Management
Gavin,Hernandez,g-hernandez@gmail.com,11075.26,Customer Service
Gil,Fields,fields.gil@gmail.com,10482.91,Human Resources
Raymond,Walker,walker-raymond4002@gmail.com,9983.57,Media Relations
Nolan,Turner,t.nolan2463@gmail.com,10879.88,Customer Service
Grant,Ross,ross-grant@gmail.com,6415.55,Advertising
Lenore,Jensen,j-lenore@gmail.com,9930.52,Payroll
Nichole,Rice,nichole.rice5161@gmail.com,4187.96,Media Relations
Gabriel,Santos,g.santos@gmail.com,8684.26,Media Relations
Olga,Turner,olgaturner9969@gmail.com,2752.55,Sales and Marketing
Wyoming,Bailey,b-wyoming@gmail.com,9454.96,Payroll
Ali,Warren,w.ali@gmail.com,8011.96,Media Relations
Nelle,Contreras,contreras_nelle@gmail.com,8509.32,Asset Management
Cedric,Bowman,bowman-cedric@gmail.com,4306.52,Media Relations
Fritz,Hunt,fhunt@gmail.com,11588.97,Customer Service
Lucian,Johnston,johnstonlucian@gmail.com,7618.93,Legal Department
Yasir,Hawkins,h-yasir@gmail.com,9785.30,Legal Department
Claudia,Lane,lane.claudia5199@gmail.com,8908.10,Legal Department
Kay,Hill,hillkay2212@gmail.com,5692.20,Media Relations
Eleanor,Wells,e_wells7586@gmail.com,9193.04,Customer Relations
Garrison,Bradley,bradley_garrison5427@gmail.com,7269.65,Media Relations
Amena,Perkins,amena-perkins1407@gmail.com,11706.57,Human Resources
Bertha,Olson,olson_bertha9415@gmail.com,6063.95,Advertising
Deirdre,Gordon,g-deirdre3748@gmail.com,2613.39,Tech Support
Solomon,Pena,psolomon5284@gmail.com,8670.32,Media Relations
Isaac,Jackson,i.jackson@gmail.com,7315.73,Customer Relations
Igor,Guerrero,i_guerrero@gmail.com,4555.63,Legal Department
Hermione,Allen,allen-hermione7773@gmail.com,7812.92,Media Relations
Dacey,Carroll,carroll_dacey@gmail.com,8432.08,Legal Department
Jameson,Rice,jrice@gmail.com,9082.91,Finances
Melvin,Green,gmelvin1737@gmail.com,5535.90,Human Resources
Alan,Brooks,alan.brooks702@gmail.com,6387.65,Advertising
Howard,Moreno,mhoward6608@gmail.com,8847.58,Customer Relations
Harriet,Munoz,h_munoz@gmail.com,3465.42,Media Relations
Oleg,Evans,oleg_evans3035@gmail.com,10744.92,Tech Support
Kameko,Lewis,k_lewis2947@gmail.com,9660.01,Finances
Quamar,Larson,q.larson@gmail.com,14427.24,Payroll
Gregory,Cole,gregorycole@gmail.com,8087.22,Legal Department
Vera,Miller,veramiller4085@gmail.com,5986.81,Asset Management
Dolan,Stone,stone_dolan@gmail.com,8113.09,Tech Support
Len,Nichols,nichols-len@gmail.com,8391.59,Finances
Lara,Hart,lhart9497@gmail.com,11959.59,Customer Relations
Margaret,Burton,burton_margaret7710@gmail.com,7001.46,Advertising
Jada,Andrews,j-andrews@gmail.com,9373.29,Media Relations
Timon,Garcia,t-garcia7167@gmail.com,5765.42,Media Relations
Bradley,Cooper,cooper_bradley6988@gmail.com,2200.33,Customer Service
Owen,Foster,o_foster155@gmail.com,10496.43,Legal Department
Lionel,Morgan,lionel-morgan8860@gmail.com,6952.38,Advertising
Hamish,Moreno,h.moreno@gmail.com,4031.98,Asset Management
Robert,Lucas,lucas-robert@gmail.com,7215.77,Human Resources
Maxwell,Spencer,m-spencer6299@gmail.com,7619.43,Payroll
Tanisha,Nguyen,t_nguyen3161@gmail.com,7463.84,Finances
Brady,Santos,santos_brady4566@gmail.com,11866.20,Human Resources
Iona,Singh,iona.singh1501@gmail.com,10380.32,Finances
Curran,Estrada,curranestrada40@gmail.com,11183.46,Asset Management
Wing,Hansen,h-wing7822@gmail.com,5533.64,Asset Management
Wylie,Webb,webbwylie5757@gmail.com,6570.73,Legal Department
Lisandra,Sanchez,lisandrasanchez5596@gmail.com,9615.18,Asset Management
Armando,Jenkins,a.jenkins@gmail.com,7688.62,Customer Relations
Paki,Ryan,p_ryan@gmail.com,8686.06,Sales and Marketing
Kitra,Moreno,kitra_moreno7805@gmail.com,5221.67,Customer Service
Hu,Lopez,hulopez8410@gmail.com,10596.44,Advertising
George,Robinson,georgerobinson@gmail.com,4779.37,Payroll
Emerald,Myers,emeraldmyers@gmail.com,7809.70,Asset Management
Dominic,Reyes,rdominic@gmail.com,9854.91,Customer Relations
Brenden,Parker,p_brenden@gmail.com,4216.63,Finances
Vielka,Scott,v.scott@gmail.com,6383.02,Finances
Philip,Padilla,p-padilla@gmail.com,7619.14,Payroll
Keith,Johnson,kjohnson@gmail.com,4865.32,Advertising
Elvis,Adams,a-elvis@gmail.com,12261.38,Asset Management
Miriam,Watkins,m_watkins2504@gmail.com,6936.99,Sales and Marketing
Isabelle,Tucker,tucker-isabelle@gmail.com,7060.17,Finances
Aurora,Kim,aurora-kim6528@gmail.com,9026.93,Human Resources
Noelani,Vazquez,vazquez-noelani@gmail.com,9130.87,Legal Department
Nell,Wright,w_nell1033@gmail.com,5727.72,Asset Management
Luke,Chavez,chavezluke5966@gmail.com,6105.87,Payroll
Giacomo,Sandoval,s_giacomo927@gmail.com,7931.83,Tech Support
Nehru,Brooks,nehru_brooks4518@gmail.com,5712.48,Tech Support
Chaney,Patel,c_patel1817@gmail.com,4670.11,Customer Relations
Leandra,Schmidt,l-schmidt8305@gmail.com,3750.97,Asset Management
Eagan,Daniels,eagan.daniels@gmail.com,8164.72,Asset Management
Liberty,Gilbert,l-gilbert@gmail.com,7437.22,Customer Relations
Holmes,Patterson,h-patterson3217@gmail.com,11132.45,Customer Service
Ivan,Salazar,ivan.salazar@gmail.com,8365.70,Human Resources
Mollie,Gordon,g-mollie1942@gmail.com,3788.37,Finances
Tanek,Carroll,tcarroll4163@gmail.com,6598.60,Payroll
Kaseem,Hudson,hudson_kaseem@gmail.com,9433.76,Legal Department
Rebekah,Dean,rebekah-dean@gmail.com,7166.24,Customer Relations
Colette,Mills,c_mills@gmail.com,5269.26,Legal Department
Ariel,Matthews,arielmatthews7845@gmail.com,6746.22,Media Relations
Haley,Cox,h.cox@gmail.com,7966.23,Tech Support
Kaitlin,Cruz,k.cruz@gmail.com,7583.72,Human Resources
Cassidy,Morris,cassidy.morris@gmail.com,8363.93,Finances
Summer,Tucker,tucker.summer@gmail.com,9650.46,Customer Service
Marvin,Romero,romero.marvin5850@gmail.com,8232.87,Tech Support
Hashim,Hughes,h-hughes@gmail.com,3702.63,Advertising
Ryan,Nelson,r.nelson1922@gmail.com,5640.50,Asset Management
Hiram,Dominguez,dominguez-hiram@gmail.com,9064.15,Human Resources
Chadwick,White,c.white96@gmail.com,8935.94,Media Relations
Jonas,Richardson,j-richardson455@gmail.com,10281.08,Legal Department
Timon,Welch,welchtimon@gmail.com,9358.06,Legal Department
Brendan,Hill,hill-brendan@gmail.com,4592.22,Sales and Marketing
Gray,Smith,s-gray@gmail.com,6390.72,Asset Management
Bell,Rivera,riverabell5079@gmail.com,14169.96,Human Resources
Astra,Gardner,a.gardner6157@gmail.com,10856.99,Payroll
Ferris,Reed,rferris4190@gmail.com,4909.89,Legal Department
Maya,Garza,g-maya3575@gmail.com,7005.39,Payroll
Ori,Lopez,olopez@gmail.com,10177.85,Customer Relations
Zeus,Pierce,z-pierce@gmail.com,6830.65,Asset Management
Noble,Butler,butler_noble@gmail.com,9099.66,Payroll
Amanda,Reed,r_amanda@gmail.com,10748.46,Asset Management
Zephania,Watkins,wzephania8832@gmail.com,8953.01,Customer Service
Danielle,Harrison,harrison_danielle@gmail.com,8188.05,Advertising
Lucas,Hunt,l.hunt@gmail.com,2302.89,Payroll
Larissa,Hill,larissa_hill6093@gmail.com,9425.64,Customer Relations
Burton,Marquez,bmarquez@gmail.com,8068.86,Tech Support
Idola,Guerrero,iguerrero7278@gmail.com,11678.72,Asset Management
Kay,Lawrence,l.kay5954@gmail.com,8543.42,Legal Department
Alden,Davis,alden.davis@gmail.com,10702.68,Tech Support
MacKenzie,Stewart,stewart.mackenzie4571@gmail.com,8521.75,Payroll
Hu,Diaz,diaz-hu3134@gmail.com,7356.58,Customer Service
Kylie,Smith,k.smith3174@gmail.com,6735.63,Payroll
Ashton,Perez,a_perez@gmail.com,8707.75,Customer Service
Tiger,Kennedy,kennedy_tiger6483@gmail.com,5467.39,Customer Service
Quentin,Santos,quentin.santos6341@gmail.com,8293.50,Legal Department
Callie,Sims,csims4247@gmail.com,5940.47,Tech Support
Jane,Dunn,d_jane@gmail.com,8005.51,Advertising
Alden,Sims,sims-alden7872@gmail.com,10176.84,Advertising
Teegan,Phillips,phillipsteegan@gmail.com,10483.53,Tech Support
Daphne,Tucker,tuckerdaphne@gmail.com,5573.85,Asset Management
David,Henry,d.henry@gmail.com,9400.90,Finances
Dominic,Burke,dominicburke@gmail.com,6844.81,Customer Relations
Kenneth,Santos,k.santos@gmail.com,5443.99,Customer Service
Jarrod,Black,j_black@gmail.com,10534.52,Media Relations
Nelle,Moreno,moreno_nelle8005@gmail.com,10152.79,Asset Management
Sarah,Richardson,s-richardson9812@gmail.com,8528.60,Legal Department
Eagan,Walker,walkereagan1869@gmail.com,8856.23,Asset Management
Callum,Lawson,l-callum7307@gmail.com,10560.37,Payroll
Hu,Yang,hu.yang9326@gmail.com,4197.97,Customer Service
Halee,Riley,h-riley@gmail.com,9587.14,Payroll
Keane,Moreno,kmoreno@gmail.com,9299.35,Payroll
Nissim,Wheeler,wheeler.nissim@gmail.com,7950.99,Payroll
Ross,Singh,singh_ross7348@gmail.com,7511.12,Customer Service
Jeremy,Hoffman,jeremy_hoffman@gmail.com,9564.35,Legal Department
Yuli,Yang,y_yuli@gmail.com,4707.85,Finances
Bertha,Contreras,cbertha3004@gmail.com,7736.49,Asset Management
Risa,Le,l.risa@gmail.com,5746.79,Asset Management
Illana,Tucker,tucker-illana@gmail.com,9641.38,Payroll
Alexis,Austin,a-austin9796@gmail.com,4594.82,Media Relations
Norman,Lane,lane-norman8823@gmail.com,6869.12,Payroll
Tyler,Carter,tcarter@gmail.com,11392.03,Media Relations
Quin,Obrien,obrien-quin@gmail.com,17687.92,Customer Relations
Sheila,Sullivan,s_sheila@gmail.com,8533.51,Legal Department
Jeremy,Hansen,h.jeremy@gmail.com,5545.92,Tech Support
Imogene,Fisher,i-fisher6954@gmail.com,10630.60,Asset Management
Hamilton,Rogers,h.rogers4479@gmail.com,9714.11,Asset Management
Keefe,Armstrong,k.armstrong@gmail.com,7597.70,Payroll
Jescie,Nunez,j_nunez4448@gmail.com,7115.69,Human Resources
Preston,Wong,wongpreston814@gmail.com,5409.04,Legal Department
Price,Long,longprice@gmail.com,12177.04,Human Resources
Lucian,Harrison,harrison-lucian6997@gmail.com,7670.18,Customer Service
Carl,Meyer,meyer_carl9435@gmail.com,9846.01,Advertising
Renee,Watson,wrenee@gmail.com,6895.74,Advertising
Jasper,Spencer,s.jasper7688@gmail.com,4516.25,Sales and Marketing
Tyler,Estrada,e-tyler@gmail.com,6148.01,Finances
Willow,Espinoza,e_willow3170@gmail.com,5206.83,Customer Relations
Igor,Reyes,reyes_igor901@gmail.com,9918.02,Legal Department
Herman,Kim,h.kim@gmail.com,7381.91,Asset Management
Octavia,Peters,o-peters@gmail.com,7399.94,Asset Management
